"Name","Age"
"42342",41241
"231312",321
"Naveed",232
"31",321
"23",32
"dsa",
"3213",321
"hello",232
"3213",321321
"3213",2321
"",
"",
"",
"23",321
"12321",4214
"3213",21321
"21321",321
"3213",321
"21313",12312
"dsad",
"312",321
"312",321
"3213",21321
"",
"21342",321
"21321",3213
"231312",321
"Naveed",232
"42342",41241
"31",321
"23",32
"dsa",
"3213",321
"hello",232
"3213",321321
"3213",2321
"",
"",
"",
"23",321
"12321",4214
"3213",21321
"3213",321
"3213",3213
"21321",321
"2312",321
"21313",12312
"dsad",
"312",321
"312",321
"3213",21321
"",
"21342",321
"21321",3213
"231312",321
"23",32
"hello",232
"Naveed",232
"42342",41241
"31",321
"3213",3213
"312",321
"3213",321321
"3213",2321
"",
"",
"3213",3213
"23",321
"12321",4214
"3213",21321
"3213",321
"21342",321
"21321",321
"2312",321
"21313",12312
"dsad",
"21321",3213
"312",321
"3213",21321
"",
"231312",321
"dsa",
"hello",232
"Naveed",232
"42342",41241
"2312",321
"3213",3213
"dsa",
"3213",321
"312",321
"3213",321
"3213",2321
"",
"",
"",
"23",321
"12321",4214
"3213",21321
"3213",321
"21342",321
"21321",321
"2312",321
"21313",12312
"dsad",
"21321",3213
"312",321
"3213",21321
"",
"23",32
"3213",321321
"ew",33
"",
"31",321
"231312",321
"31",321
"23",32
"dsa",
"Naveed",232
"42342",41241
"3213",321321
"3213",2321
"",
"",
"",
"23",321
"3213",321
"3213",21321
"3213",321
"3213",3213
"21321",321
"hello",232
"21313",12312
"dsad",
"312",321
"312",321
"3213",21321
"",
"21342",321
"21321",3213
"231312",321
"Naveed",232
"42342",41241
"31",321
"23",32
"dsa",
"3213",321
"12321",4214
"3213",321321
"3213",2321
"",
"",
"",
"23",321
"2312",321
"3213",21321
"3213",321
"3213",3213
"21321",321
"2312",321
"21313",12312
"dsad",
"312",321
"312",321
"3213",21321
"",
"21342",321
"21321",3213
"231312",321
"23",32
"hello",232
"Naveed",232
"42342",41241
"31",321
"3213",3213
"312",321
"hello",232
"3213",2321
"",
"",
"",
"23",321
"12321",4214
"3213",21321
"3213",321
"12321",4214
"21321",321
"2312",321
"21313",12312
"dsad",
"21321",3213
"312",321
"3213",21321
"",
"231312",321
"dsa",
"hello",232
"Naveed",232
"42342",41241
"31",321
"3213",3213
"dsa",
"3213",321
"312",321
"3213",321
"3213",2321
"",
"",
"",
"23",321
"12321",4214
"3213",21321
"3213",321
"3213",321321
"21321",321
"2312",321
"21313",12312
"dsad",
"21321",3213
"312",321
"3213",21321
"",
"23",32
"3213",321321
"21342",321
"21342",321
"ew",33
"231312",321
"Naveed",232
"42342",41241
"31",321
"23",32
"dsa",
"3213",321
"hello",232
"3213",321321
"3213",2321
"",
"",
"",
"3213",21321
"3213",321
"3213",3213
"21321",321
"2312",321
"21313",12312
"dsad",
"312",321
"312",321
"3213",21321
"",
"21342",321
"21321",3213
"231312",321
"Naveed",232
"42342",41241
"31",321
"23",32
"dsa",
"3213",321
"hello",232
"3213",321321
"3213",2321
"",
"",
"",
"23",321
"12321",4214
"3213",21321
"3213",321
"3213",3213
"21321",321
"2312",321
"21313",12312
"dsad",
"312",321
"312",321
"3213",21321
"",
"21342",321
"21321",3213
"12321",4214
"23",32
"hello",232
"Naveed",232
"42342",41241
"31",321
"3213",3213
"312",321
"3213",321321
"3213",2321
"",
"",
"",
"23",321
"12321",4214
"3213",21321
"23",321
"21342",321
"21321",321
"2312",321
"21313",12312
"dsad",
"21321",3213
"312",321
"3213",21321
"",
"231312",321
"dsa",
"hello",232
"Naveed",232
"42342",41241
"31",321
"3213",3213
"231312",321
"3213",321
"312",321
"3213",321
"3213",2321
"",
"",
"",
"23",321
"12321",4214
"3213",21321
"3213",321
"21342",321
"21321",321
"2312",321
"21313",12312
"dsad",
"21321",3213
"312",321
"3213",21321
"",
"23",32
"3213",321321
"ew",33
"3213",321
"dsa",
"231312",321
"31",321
"23",32
"dsa",
"Naveed",232
"42342",41241
"3213",321321
"3213",2321
"",
"",
"",
"23",321
"12321",4214
"3213",21321
"3213",321
"3213",321
"21321",321
"2312",321
"21313",12312
"dsad",
"hello",232
"312",321
"3213",21321
"",
"21342",321
"21321",3213
"231312",321
"Naveed",232
"42342",41241
"31",321
"23",32
"dsa",
"3213",321
"hello",232
"3213",321321
"3213",2321
"3213",3213
"",
"",
"23",321
"12321",4214
"3213",21321
"3213",321
"312",321
"21321",321
"2312",321
"21313",12312
"dsad",
"312",321
"312",321
"3213",21321
"",
"21342",321
"21321",3213
"231312",321
"23",32
"hello",232
"Naveed",232
"42342",41241
"31",321
"3213",3213
"312",321
"3213",321321
"3213",2321
"",
"",
"",
"23",321
"12321",4214
"3213",21321
"3213",321
"21342",321
"21321",321
"2312",321
"3213",3213
"dsad",
"21321",3213
"312",321
"3213",21321
"",
"231312",321
"dsa",
"hello",232
"Naveed",232
"42342",41241
"31",321
"3213",3213
"dsa",
"3213",321
"312",321
"3213",321
"3213",2321
"",
"",
"",
"23",321
"12321",4214
"3213",21321
"3213",321
"21342",321
"21321",321
"2312",321
"",
"dsad",
"21321",3213
"312",321
"3213",21321
"",
"23",32
"3213",321321
"ew",33
"21313",12312
"21313",12312
"231312",321
"31",321
"23",32
"dsa",
"Naveed",232
"42342",41241
"3213",321321
"3213",2321
"",
"",
"",
"23",321
"12321",4214
"3213",21321
"3213",321
"3213",321
"21321",321
"2312",321
"21313",12312
"dsad",
"hello",232
"312",321
"3213",21321
"",
"21342",321
"21321",3213
"231312",321
"Naveed",232
"42342",41241
"31",321
"23",32
"dsa",
"3213",321
"hello",232
"3213",321321
"3213",2321
"3213",3213
"",
"",
"23",321
"12321",4214
"3213",21321
"3213",321
"312",321
"21321",321
"2312",321
"21313",12312
"dsad",
"312",321
"312",321
"3213",21321
"",
"21342",321
"21321",3213
"231312",321
"23",32
"hello",232
"Naveed",232
"42342",41241
"31",321
"3213",3213
"312",321
"3213",321321
"3213",2321
"",
"",
"",
"23",321
"12321",4214
"3213",21321
"3213",321
"21342",321
"21321",321
"2312",321
"3213",3213
"dsad",
"21321",3213
"312",321
"3213",21321
"",
"231312",321
"dsa",
"hello",232
"Naveed",232
"42342",41241
"31",321
"3213",3213
"dsa",
"3213",321
"312",321
"3213",321
"3213",2321
"",
"",
"",
"23",321
"12321",4214
"3213",21321
"3213",321
"21342",321
"21321",321
"2312",321
"",
"dsad",
"21321",3213
"312",321
"3213",21321
"",
"23",32
"3213",321321
"ew",33
"21313",12312
"21313",12312
"231312",321
"31",321
"3213",3213
"23",32
"3213",321
"312",321
"hello",232
"Naveed",232
"",
"",
"",
"42342",41241
"12321",4214
"3213",21321
"3213",321
"21342",321
"dsa",
"2312",321
"21313",12312
"dsad",
"21321",3213
"3213",321321
"3213",21321
"",
"3213",2321
"23",321
"21321",321
"312",321
"231312",321
"31",321
"23",32
"dsa",
"3213",321
"hello",232
"3213",321321
"Naveed",232
"",
"",
"",
"42342",41241
"3213",3213
"3213",21321
"3213",321
"21342",321
"312",321
"2312",321
"21313",12312
"dsad",
"21321",3213
"312",321
"3213",21321
"",
"3213",2321
"23",321
"12321",4214
"21321",321
"231312",321
"23",32
"hello",232
"31",321
"3213",3213
"dsa",
"3213",321
"312",321
"",
"",
"",
"42342",41241
"12321",4214
"3213",21321
"3213",321
"21342",321
"21321",321
"2312",321
"21313",12312
"dsad",
"21321",3213
"312",321
"3213",21321
"",
"3213",2321
"23",321
"3213",321321
"Naveed",232
"231312",321
"31",321
"3213",3213
"dsa",
"23",32
"312",321
"3213",321321
"hello",232
"",
"",
"",
"42342",41241
"12321",4214
"3213",21321
"3213",321
"21342",321
"21321",321
"3213",321
"21313",12312
"dsad",
"21321",3213
"312",321
"Naveed",232
"",
"3213",2321
"23",321
"2312",321
"3213",21321
"231312",321
"23",32
"hello",232
"31",321
"3213",3213
"dsa",
"3213",321
"Naveed",232
"",
"",
"",
"42342",41241
"12321",4214
"3213",21321
"3213",321
"21342",321
"21321",321
"2312",321
"21313",12312
"dsad",
"21321",3213
"312",321
"3213",21321
"",
"3213",2321
"23",321
"3213",321321
"312",321
"231312",321
"23",32
"hello",232
"31",321
"3213",3213
"dsa",
"3213",321
"312",321
"3213",321321
"Naveed",232
"",
"42342",41241
"12321",4214
"3213",21321
"3213",321
"21342",321
"21321",321
"2312",321
"21313",12312
"dsad",
"21321",3213
"312",321
"3213",21321
"",
"3213",2321
"23",321
"",
"",
"231312",321
"Naveed",232
"42342",41241
"31",321
"23",32
"dsa",
"3213",321
"hello",232
"3213",321321
"3213",2321
"",
"",
"12321",4214
"3213",21321
"3213",321
"3213",3213
"21321",321
"2312",321
"21313",12312
"dsad",
"312",321
"312",321
"3213",21321
"",
"21342",321
"21321",3213
"231312",321
"Naveed",232
"42342",41241
"31",321
"23",32
"dsa",
"3213",321
"hello",232
"3213",321321
"3213",2321
"",
"",
"",
"23",321
"12321",4214
"3213",21321
"3213",321
"3213",3213
"21321",321
"2312",321
"21313",12312
"dsad",
"",
"23",321
"3213",21321
"",
"21342",321
"21321",3213
"231312",321
"23",32
"hello",232
"Naveed",232
"42342",41241
"31",321
"3213",3213
"312",321
"3213",321321
"3213",2321
"",
"",
"",
"23",321
"12321",4214
"3213",21321
"3213",321
"21342",321
"21321",321
"2312",321
"21313",12312
"dsad",
"21321",3213
"312",321
"3213",21321
"",
"231312",321
"dsa",
"hello",232
"Naveed",232
"42342",41241
"31",321
"3213",3213
"dsa",
"3213",321
"312",321
"3213",321
"3213",2321
"312",321
"",
"",
"23",321
"12321",4214
"3213",21321
"3213",321
"21342",321
"21321",321
"2312",321
"21313",12312
"dsad",
"21321",3213
"312",321
"3213",21321
"",
"312",321
"3213",321321
"ew",33
"",
"23",32
"231312",321
"31",321
"3213",3213
"dsa",
"23",32
"312",321
"3213",321321
"hello",232
"",
"",
"",
"42342",41241
"12321",4214
"3213",21321
"3213",321
"21342",321
"21321",321
"3213",321
"21313",12312
"dsad",
"21321",3213
"312",321
"Naveed",232
"",
"3213",2321
"23",321
"2312",321
"3213",21321
"231312",321
"31",321
"3213",3213
"23",32
"3213",321
"312",321
"hello",232
"Naveed",232
"",
"",
"",
"42342",41241
"12321",4214
"3213",21321
"3213",321
"21342",321
"dsa",
"2312",321
"21313",12312
"dsad",
"21321",3213
"3213",321321
"3213",21321
"",
"3213",2321
"23",321
"21321",321
"312",321
"231312",321
"31",321
"3213",3213
"dsa",
"23",32
"312",321
"3213",321321
"hello",232
"",
"",
"",
"42342",41241
"12321",4214
"3213",21321
"3213",321
"21342",321
"21321",321
"3213",321
"21313",12312
"dsad",
"21321",3213
"312",321
"Naveed",232
"",
"3213",2321
"23",321
"2312",321
"3213",21321
"231312",321
"31",321
"3213",3213
"dsa",
"23",32
"312",321
"3213",321321
"hello",232
"",
"",
"",
"42342",41241
"12321",4214
"3213",21321
"3213",321
"21342",321
"21321",321
"3213",321
"21313",12312
"dsad",
"21321",3213
"312",321
"Naveed",232
"",
"3213",2321
"23",321
"2312",321
"3213",21321
"231312",321
"23",32
"hello",232
"31",321
"3213",3213
"dsa",
"3213",321
"Naveed",232
"",
"",
"",
"42342",41241
"12321",4214
"3213",21321
"3213",321
"21342",321
"21321",321
"2312",321
"21313",12312
"dsad",
"21321",3213
"312",321
"3213",21321
"",
"3213",2321
"23",321
"3213",321321
"312",321
"231312",321
"31",321
"3213",3213
"dsa",
"23",32
"312",321
"3213",321321
"hello",232
"",
"",
"",
"42342",41241
"12321",4214
"3213",21321
"3213",321
"21342",321
"21321",321
"3213",321
"21313",12312
"dsad",
"21321",3213
"312",321
"Naveed",232
"",
"3213",2321
"23",321
"2312",321
"3213",21321
"231312",321
"31",321
"3213",3213
"dsa",
"23",32
"312",321
"3213",321321
"hello",232
"",
"",
"",
"42342",41241
"12321",4214
"3213",21321
"3213",321
"21342",321
"21321",321
"2312",321
"21313",12312
"Naveed",232
"21321",3213
"312",321
"3213",21321
"",
"3213",2321
"23",321
"3213",321
"dsad",
"231312",321
"23",32
"hello",232
"31",321
"3213",3213
"dsa",
"3213",321
"Naveed",232
"",
"",
"",
"42342",41241
"12321",4214
"3213",21321
"3213",321
"21342",321
"21321",321
"2312",321
"21313",12312
"dsad",
"21321",3213
"312",321
"3213",21321
"",
"3213",2321
"23",321
"3213",321321
"312",321
"231312",321
"31",321
"23",32
"dsa",
"Naveed",232
"42342",41241
"3213",321321
"3213",2321
"",
"3213",321
"hello",232
"23",321
"12321",4214
"3213",21321
"3213",321
"3213",3213
"2312",321
"21321",321
"21313",12312
"dsad",
"312",321
"",
"3213",21321
"",
"21342",321
"21321",3213
"231312",321
"Naveed",232
"",
"31",321
"23",32
"dsa",
"3213",321
"hello",232
"3213",321321
"3213",2321
"",
"",
"",
"23",321
"12321",4214
"3213",21321
"3213",321
"3213",3213
"21321",321
"2312",321
"21313",12312
"dsad",
"312",321
"312",321
"312",321
"",
"21342",321
"21321",3213
"231312",321
"23",32
"hello",232
"Naveed",232
"42342",41241
"42342",41241
"3213",3213
"312",321
"3213",321321
"3213",2321
"",
"",
"",
"23",321
"12321",4214
"3213",21321
"3213",321
"21342",321
"21321",321
"2312",321
"21313",12312
"dsad",
"21321",3213
"312",321
"3213",21321
"",
"231312",321
"dsa",
"hello",232
"Naveed",232
"42342",41241
"31",321
"3213",3213
"dsa",
"3213",321
"31",321
"3213",321
"3213",2321
"",
"",
"",
"23",321
"12321",4214
"3213",21321
"3213",321
"21342",321
"21321",321
"2312",321
"21313",12312
"dsad",
"21321",3213
"312",321
"3213",21321
"",
"23",32
"3213",321321
"ew",33
"3213",21321
"312",321
"231312",321
"31",321
"3213",3213
"dsa",
"23",32
"312",321
"3213",321321
"hello",232
"",
"",
"",
"42342",41241
"12321",4214
"3213",21321
"3213",321
"21342",321
"21321",321
"3213",321
"21313",12312
"dsad",
"21321",3213
"312",321
"Naveed",232
"",
"3213",2321
"23",321
"2312",321
"3213",21321
"231312",321
"31",321
"23",32
"dsa",
"Naveed",232
"42342",41241
"3213",321321
"3213",2321
"",
"",
"",
"23",321
"12321",4214
"3213",21321
"3213",321
"3213",321
"21321",321
"2312",321
"21313",12312
"dsad",
"hello",232
"312",321
"3213",21321
"",
"21342",321
"21321",3213
"231312",321
"Naveed",232
"42342",41241
"31",321
"23",32
"dsa",
"3213",321
"hello",232
"3213",321321
"3213",2321
"3213",3213
"",
"",
"23",321
"12321",4214
"3213",21321
"3213",321
"312",321
"21321",321
"2312",321
"21313",12312
"dsad",
"312",321
"312",321
"3213",21321
"",
"21342",321
"21321",3213
"231312",321
"23",32
"hello",232
"Naveed",232
"42342",41241
"31",321
"3213",3213
"312",321
"3213",321321
"3213",2321
"",
"",
"",
"23",321
"12321",4214
"3213",21321
"3213",321
"21342",321
"21321",321
"2312",321
"3213",3213
"dsad",
"21321",3213
"312",321
"3213",21321
"",
"231312",321
"dsa",
"hello",232
"Naveed",232
"42342",41241
"31",321
"3213",3213
"dsa",
"3213",321
"312",321
"3213",321
"3213",2321
"",
"",
"",
"23",321
"12321",4214
"3213",21321
"3213",321
"21342",321
"21321",321
"2312",321
"",
"dsad",
"21321",3213
"312",321
"3213",21321
"",
"23",32
"3213",321321
"ew",33
"21313",12312
"21313",12312
"231312",321
"31",321
"23",32
"dsa",
"Naveed",232
"42342",41241
"3213",321321
"3213",2321
"",
"",
"",
"23",321
"12321",4214
"3213",21321
"3213",321
"3213",321
"21321",321
"2312",321
"21313",12312
"dsad",
"hello",232
"312",321
"3213",21321
"",
"21342",321
"21321",3213
"231312",321
"Naveed",232
"42342",41241
"31",321
"23",32
"dsa",
"3213",321
"hello",232
"3213",321321
"3213",2321
"3213",3213
"",
"",
"23",321
"12321",4214
"3213",21321
"3213",321
"312",321
"21321",321
"2312",321
"21313",12312
"dsad",
"312",321
"312",321
"3213",21321
"",
"21342",321
"21321",3213
"231312",321
"23",32
"hello",232
"Naveed",232
"42342",41241
"31",321
"3213",3213
"312",321
"3213",321321
"3213",2321
"",
"",
"",
"23",321
"12321",4214
"3213",21321
"3213",321
"21342",321
"21321",321
"2312",321
"3213",3213
"dsad",
"21321",3213
"312",321
"3213",21321
"",
"231312",321
"dsa",
"hello",232
"Naveed",232
"42342",41241
"31",321
"3213",3213
"dsa",
"3213",321
"312",321
"3213",321
"3213",2321
"",
"",
"",
"23",321
"12321",4214
"3213",21321
"3213",321
"21342",321
"21321",321
"2312",321
"",
"dsad",
"21321",3213
"312",321
"3213",21321
"",
"23",32
"3213",321321
"ew",33
"21313",12312
"21313",12312
"231312",321
"Naveed",232
"42342",41241
"31",321
"23",32
"dsa",
"3213",321
"hello",232
"3213",321321
"3213",2321
"",
"",
"12321",4214
"3213",21321
"3213",321
"3213",3213
"21321",321
"2312",321
"21313",12312
"dsad",
"312",321
"312",321
"3213",21321
"",
"21342",321
"21321",3213
"231312",321
"Naveed",232
"42342",41241
"31",321
"23",32
"dsa",
"3213",321
"hello",232
"3213",321321
"3213",2321
"",
"",
"",
"23",321
"12321",4214
"3213",21321
"3213",321
"3213",3213
"21321",321
"2312",321
"21313",12312
"dsad",
"",
"23",321
"3213",21321
"",
"21342",321
"21321",3213
"231312",321
"23",32
"hello",232
"Naveed",232
"42342",41241
"31",321
"3213",3213
"312",321
"3213",321321
"3213",2321
"",
"",
"",
"23",321
"12321",4214
"3213",21321
"3213",321
"21342",321
"21321",321
"2312",321
"21313",12312
"dsad",
"21321",3213
"312",321
"3213",21321
"",
"231312",321
"dsa",
"hello",232
"Naveed",232
"42342",41241
"31",321
"3213",3213
"dsa",
"3213",321
"312",321
"3213",321
"3213",2321
"312",321
"",
"",
"23",321
"12321",4214
"3213",21321
"3213",321
"21342",321
"21321",321
"2312",321
"21313",12312
"dsad",
"21321",3213
"312",321
"3213",21321
"",
"312",321
"3213",321321
"ew",33
"",
"23",32
"231312",321
"31",321
"23",32
"dsa",
"Naveed",232
"42342",41241
"3213",321321
"3213",2321
"",
"",
"",
"23",321
"12321",4214
"3213",21321
"3213",321
"3213",321
"21321",321
"2312",321
"21313",12312
"dsad",
"hello",232
"312",321
"3213",21321
"",
"21342",321
"21321",3213
"231312",321
"Naveed",232
"42342",41241
"31",321
"23",32
"dsa",
"3213",321
"hello",232
"3213",321321
"3213",2321
"3213",3213
"",
"",
"23",321
"12321",4214
"3213",21321
"3213",321
"312",321
"21321",321
"2312",321
"21313",12312
"dsad",
"312",321
"312",321
"3213",21321
"",
"21342",321
"21321",3213
"231312",321
"23",32
"hello",232
"Naveed",232
"42342",41241
"31",321
"3213",3213
"312",321
"3213",321321
"3213",2321
"",
"",
"",
"23",321
"12321",4214
"3213",21321
"3213",321
"21342",321
"21321",321
"2312",321
"3213",3213
"dsad",
"21321",3213
"312",321
"3213",21321
"",
"231312",321
"dsa",
"hello",232
"Naveed",232
"42342",41241
"31",321
"3213",3213
"dsa",
"3213",321
"312",321
"3213",321
"3213",2321
"",
"",
"",
"23",321
"12321",4214
"3213",21321
"3213",321
"21342",321
"21321",321
"2312",321
"",
"dsad",
"21321",3213
"312",321
"3213",21321
"",
"23",32
"3213",321321
"ew",33
"21313",12312
"21313",12312
"231312",321
"Naveed",232
"42342",41241
"31",321
"23",32
"dsa",
"3213",321
"hello",232
"3213",321321
"3213",2321
"",
"",
"12321",4214
"3213",21321
"3213",321
"3213",3213
"21321",321
"2312",321
"21313",12312
"dsad",
"312",321
"312",321
"3213",21321
"",
"21342",321
"21321",3213
"231312",321
"Naveed",232
"42342",41241
"31",321
"23",32
"dsa",
"3213",321
"hello",232
"3213",321321
"3213",2321
"",
"",
"",
"23",321
"12321",4214
"3213",21321
"3213",321
"3213",3213
"21321",321
"2312",321
"21313",12312
"dsad",
"",
"23",321
"3213",21321
"",
"21342",321
"21321",3213
"231312",321
"23",32
"hello",232
"Naveed",232
"42342",41241
"31",321
"3213",3213
"312",321
"3213",321321
"3213",2321
"",
"",
"",
"23",321
"12321",4214
"3213",21321
"3213",321
"21342",321
"21321",321
"2312",321
"21313",12312
"dsad",
"21321",3213
"312",321
"3213",21321
"",
"231312",321
"dsa",
"hello",232
"Naveed",232
"42342",41241
"31",321
"3213",3213
"dsa",
"3213",321
"312",321
"3213",321
"3213",2321
"312",321
"",
"",
"23",321
"12321",4214
"3213",21321
"3213",321
"21342",321
"21321",321
"2312",321
"21313",12312
"dsad",
"21321",3213
"312",321
"3213",21321
"",
"312",321
"3213",321321
"ew",33
"",
"23",32